<TextureAtlas imagePath="sheet.png">
	<SubTexture name="buildingTiles_000.png" x="596" y="85" width="99" height="85"/>
	<SubTexture name="buildingTiles_001.png" x="0" y="1270" width="133" height="127"/>
	<SubTexture name="buildingTiles_002.png" x="0" y="1905" width="132" height="127"/>
	<SubTexture name="buildingTiles_003.png" x="265" y="0" width="132" height="127"/>
	<SubTexture name="buildingTiles_004.png" x="265" y="127" width="132" height="127"/>
	<SubTexture name="buildingTiles_005.png" x="596" y="170" width="99" height="54"/>
	<SubTexture name="buildingTiles_006.png" x="596" y="224" width="99" height="54"/>
	<SubTexture name="buildingTiles_007.png" x="596" y="278" width="99" height="85"/>
	<SubTexture name="buildingTiles_008.png" x="596" y="363" width="99" height="85"/>
	<SubTexture name="buildingTiles_009.png" x="265" y="893" width="132" height="127"/>
	<SubTexture name="buildingTiles_010.png" x="133" y="1275" width="132" height="127"/>
	<SubTexture name="buildingTiles_011.png" x="133" y="1147" width="132" height="128"/>
	<SubTexture name="buildingTiles_012.png" x="396" y="1786" width="132" height="127"/>
	<SubTexture name="buildingTiles_013.png" x="596" y="766" width="99" height="54"/>
	<SubTexture name="buildingTiles_014.png" x="396" y="1913" width="132" height="127"/>
	<SubTexture name="buildingTiles_015.png" x="596" y="618" width="99" height="85"/>
	<SubTexture name="buildingTiles_016.png" x="596" y="533" width="99" height="85"/>
	<SubTexture name="buildingTiles_017.png" x="265" y="1659" width="132" height="127"/>
	<SubTexture name="buildingTiles_018.png" x="265" y="639" width="132" height="127"/>
	<SubTexture name="buildingTiles_019.png" x="265" y="381" width="132" height="128"/>
	<SubTexture name="buildingTiles_020.png" x="133" y="639" width="132" height="127"/>
	<SubTexture name="buildingTiles_021.png" x="133" y="385" width="132" height="127"/>
	<SubTexture name="buildingTiles_022.png" x="0" y="1397" width="133" height="127"/>
	<SubTexture name="buildingTiles_023.png" x="596" y="0" width="99" height="85"/>
	<SubTexture name="buildingTiles_024.png" x="595" y="1641" width="99" height="85"/>
	<SubTexture name="buildingTiles_025.png" x="133" y="0" width="132" height="128"/>
	<SubTexture name="buildingTiles_026.png" x="133" y="128" width="132" height="127"/>
	<SubTexture name="buildingTiles_027.png" x="133" y="255" width="132" height="130"/>
	<SubTexture name="buildingTiles_028.png" x="133" y="1659" width="132" height="127"/>
	<SubTexture name="buildingTiles_029.png" x="265" y="254" width="132" height="127"/>
	<SubTexture name="buildingTiles_030.png" x="0" y="254" width="133" height="127"/>
	<SubTexture name="buildingTiles_031.png" x="595" y="1230" width="99" height="85"/>
	<SubTexture name="buildingTiles_032.png" x="595" y="1145" width="99" height="85"/>
	<SubTexture name="buildingTiles_033.png" x="265" y="1020" width="132" height="128"/>
	<SubTexture name="buildingTiles_034.png" x="133" y="1402" width="132" height="127"/>
	<SubTexture name="buildingTiles_035.png" x="133" y="1529" width="132" height="130"/>
	<SubTexture name="buildingTiles_036.png" x="0" y="762" width="133" height="127"/>
	<SubTexture name="buildingTiles_037.png" x="0" y="1016" width="133" height="127"/>
	<SubTexture name="buildingTiles_038.png" x="397" y="434" width="100" height="85"/>
	<SubTexture name="buildingTiles_039.png" x="497" y="945" width="99" height="85"/>
	<SubTexture name="buildingTiles_040.png" x="265" y="509" width="132" height="130"/>
	<SubTexture name="buildingTiles_041.png" x="265" y="1148" width="132" height="127"/>
	<SubTexture name="buildingTiles_042.png" x="0" y="635" width="133" height="127"/>
	<SubTexture name="buildingTiles_043.png" x="497" y="681" width="99" height="85"/>
	<SubTexture name="buildingTiles_044.png" x="397" y="519" width="100" height="85"/>
	<SubTexture name="buildingTiles_045.png" x="497" y="536" width="99" height="85"/>
	<SubTexture name="buildingTiles_046.png" x="265" y="1402" width="132" height="130"/>
	<SubTexture name="buildingTiles_047.png" x="397" y="664" width="100" height="85"/>
	<SubTexture name="buildingTiles_048.png" x="497" y="329" width="99" height="85"/>
	<SubTexture name="buildingTiles_049.png" x="397" y="894" width="100" height="85"/>
	<SubTexture name="buildingTiles_050.png" x="596" y="448" width="99" height="85"/>
	<SubTexture name="buildingTiles_051.png" x="397" y="289" width="100" height="85"/>
	<SubTexture name="buildingTiles_052.png" x="497" y="60" width="99" height="85"/>
	<SubTexture name="buildingTiles_053.png" x="397" y="809" width="100" height="85"/>
	<SubTexture name="buildingTiles_054.png" x="397" y="979" width="100" height="85"/>
	<SubTexture name="buildingTiles_055.png" x="496" y="1632" width="99" height="85"/>
	<SubTexture name="buildingTiles_056.png" x="397" y="1064" width="100" height="85"/>
	<SubTexture name="buildingTiles_057.png" x="496" y="1511" width="99" height="60"/>
	<SubTexture name="buildingTiles_058.png" x="496" y="1451" width="99" height="60"/>
	<SubTexture name="buildingTiles_059.png" x="496" y="1391" width="99" height="60"/>
	<SubTexture name="buildingTiles_060.png" x="496" y="1331" width="99" height="60"/>
	<SubTexture name="buildingTiles_061.png" x="497" y="1030" width="99" height="60"/>
	<SubTexture name="buildingTiles_062.png" x="496" y="1209" width="99" height="60"/>
	<SubTexture name="buildingTiles_063.png" x="496" y="1149" width="99" height="60"/>
	<SubTexture name="buildingTiles_064.png" x="497" y="621" width="99" height="60"/>
	<SubTexture name="buildingTiles_065.png" x="497" y="414" width="99" height="61"/>
	<SubTexture name="buildingTiles_066.png" x="497" y="269" width="99" height="60"/>
	<SubTexture name="buildingTiles_067.png" x="397" y="749" width="100" height="60"/>
	<SubTexture name="buildingTiles_068.png" x="497" y="0" width="99" height="60"/>
	<SubTexture name="buildingTiles_069.png" x="496" y="1717" width="99" height="60"/>
	<SubTexture name="buildingTiles_070.png" x="496" y="1571" width="99" height="61"/>
	<SubTexture name="buildingTiles_071.png" x="496" y="1269" width="99" height="62"/>
	<SubTexture name="buildingTiles_072.png" x="397" y="374" width="100" height="60"/>
	<SubTexture name="buildingTiles_073.png" x="397" y="1698" width="99" height="60"/>
	<SubTexture name="buildingTiles_074.png" x="397" y="1209" width="99" height="61"/>
	<SubTexture name="buildingTiles_075.png" x="397" y="1149" width="99" height="60"/>
	<SubTexture name="buildingTiles_076.png" x="596" y="703" width="99" height="63"/>
	<SubTexture name="buildingTiles_077.png" x="397" y="1455" width="99" height="62"/>
	<SubTexture name="buildingTiles_078.png" x="233" y="1786" width="13" height="24"/>
	<SubTexture name="buildingTiles_079.png" x="397" y="227" width="100" height="62"/>
	<SubTexture name="buildingTiles_080.png" x="397" y="604" width="100" height="60"/>
	<SubTexture name="buildingTiles_081.png" x="397" y="1517" width="99" height="60"/>
	<SubTexture name="buildingTiles_082.png" x="397" y="1270" width="99" height="61"/>
	<SubTexture name="buildingTiles_083.png" x="397" y="1637" width="99" height="61"/>
	<SubTexture name="buildingTiles_084.png" x="497" y="206" width="99" height="63"/>
	<SubTexture name="buildingTiles_085.png" x="0" y="127" width="133" height="127"/>
	<SubTexture name="buildingTiles_086.png" x="397" y="172" width="100" height="55"/>
	<SubTexture name="buildingTiles_087.png" x="397" y="110" width="100" height="62"/>
	<SubTexture name="buildingTiles_088.png" x="497" y="145" width="99" height="61"/>
	<SubTexture name="buildingTiles_089.png" x="397" y="1577" width="99" height="60"/>
	<SubTexture name="buildingTiles_090.png" x="397" y="1331" width="99" height="63"/>
	<SubTexture name="buildingTiles_091.png" x="397" y="1394" width="99" height="61"/>
	<SubTexture name="buildingTiles_092.png" x="0" y="1778" width="133" height="127"/>
	<SubTexture name="buildingTiles_093.png" x="265" y="1532" width="132" height="127"/>
	<SubTexture name="buildingTiles_094.png" x="133" y="1786" width="100" height="55"/>
	<SubTexture name="buildingTiles_095.png" x="133" y="1841" width="100" height="55"/>
	<SubTexture name="buildingTiles_096.png" x="497" y="475" width="99" height="61"/>
	<SubTexture name="buildingTiles_097.png" x="497" y="766" width="99" height="61"/>
	<SubTexture name="buildingTiles_098.png" x="497" y="827" width="99" height="63"/>
	<SubTexture name="buildingTiles_099.png" x="0" y="381" width="133" height="127"/>
	<SubTexture name="buildingTiles_100.png" x="0" y="508" width="133" height="127"/>
	<SubTexture name="buildingTiles_101.png" x="265" y="766" width="132" height="127"/>
	<SubTexture name="buildingTiles_102.png" x="397" y="0" width="100" height="55"/>
	<SubTexture name="buildingTiles_103.png" x="497" y="890" width="99" height="55"/>
	<SubTexture name="buildingTiles_104.png" x="528" y="1777" width="99" height="63"/>
	<SubTexture name="buildingTiles_105.png" x="528" y="1840" width="99" height="61"/>
	<SubTexture name="buildingTiles_106.png" x="0" y="889" width="133" height="127"/>
	<SubTexture name="buildingTiles_107.png" x="0" y="1651" width="133" height="127"/>
	<SubTexture name="buildingTiles_108.png" x="264" y="1913" width="132" height="127"/>
	<SubTexture name="buildingTiles_109.png" x="264" y="1786" width="132" height="127"/>
	<SubTexture name="buildingTiles_110.png" x="397" y="55" width="100" height="55"/>
	<SubTexture name="buildingTiles_111.png" x="497" y="1090" width="99" height="55"/>
	<SubTexture name="buildingTiles_112.png" x="528" y="1901" width="99" height="63"/>
	<SubTexture name="buildingTiles_113.png" x="265" y="1275" width="132" height="127"/>
	<SubTexture name="buildingTiles_114.png" x="0" y="0" width="133" height="127"/>
	<SubTexture name="buildingTiles_115.png" x="0" y="1524" width="133" height="127"/>
	<SubTexture name="buildingTiles_116.png" x="133" y="893" width="132" height="127"/>
	<SubTexture name="buildingTiles_117.png" x="133" y="766" width="132" height="127"/>
	<SubTexture name="buildingTiles_118.png" x="528" y="1964" width="99" height="54"/>
	<SubTexture name="buildingTiles_119.png" x="595" y="1315" width="99" height="54"/>
	<SubTexture name="buildingTiles_120.png" x="595" y="1369" width="99" height="56"/>
	<SubTexture name="buildingTiles_121.png" x="595" y="1425" width="99" height="54"/>
	<SubTexture name="buildingTiles_122.png" x="0" y="1143" width="133" height="127"/>
	<SubTexture name="buildingTiles_123.png" x="133" y="1020" width="132" height="127"/>
	<SubTexture name="buildingTiles_124.png" x="132" y="1905" width="132" height="127"/>
	<SubTexture name="buildingTiles_125.png" x="133" y="512" width="132" height="127"/>
	<SubTexture name="buildingTiles_126.png" x="595" y="1479" width="99" height="54"/>
	<SubTexture name="buildingTiles_127.png" x="595" y="1533" width="99" height="54"/>
	<SubTexture name="buildingTiles_128.png" x="595" y="1587" width="99" height="54"/>
</TextureAtlas>