<TextureAtlas imagePath="sheet.png">
	<SubTexture name="cityDetails_000.png" x="125" y="64" width="22" height="37"/>
	<SubTexture name="cityDetails_001.png" x="71" y="45" width="32" height="32"/>
	<SubTexture name="cityDetails_002.png" x="71" y="77" width="32" height="32"/>
	<SubTexture name="cityDetails_003.png" x="103" y="32" width="32" height="32"/>
	<SubTexture name="cityDetails_004.png" x="103" y="0" width="32" height="32"/>
	<SubTexture name="cityDetails_005.png" x="147" y="46" width="22" height="46"/>
	<SubTexture name="cityDetails_006.png" x="135" y="0" width="22" height="46"/>
	<SubTexture name="cityDetails_007.png" x="103" y="64" width="22" height="37"/>
	<SubTexture name="cityDetails_008.png" x="0" y="64" width="71" height="63"/>
	<SubTexture name="cityDetails_009.png" x="0" y="0" width="71" height="64"/>
	<SubTexture name="cityDetails_010.png" x="71" y="0" width="32" height="45"/>
</TextureAtlas>